ID,Reached.on.Time_Y.N
5015,0
8289,1
7488,1
9363,0
1023,1
2737,1
10674,1
7489,1
9967,0
3040,1
10791,0
6332,0
7568,1
5373,0
3031,1
282,1
10016,0
8573,0
8223,0
5109,1
6981,0
4784,0
776,1
9864,0
6797,1
6067,1
100,1
8830,1
2336,1
7739,0
2276,1
7588,0
9636,0
4120,1
9315,1
4522,1
8071,0
1056,1
6401,0
934,1
4334,0
2001,1
8822,0
9743,1
8357,1
2798,1
3880,0
10887,0
168,1
8873,0
7780,1
137,1
1857,1
8666,0
4612,1
5775,1
10727,1
9709,1
6956,1
6020,0
5289,0
5864,1
10234,0
2779,1
1739,1
6372,1
9760,0
8648,1
10137,1
3158,0
4391,0
5976,0
8892,0
4630,0
8340,1
8827,1
3661,0
9449,1
4434,0
10933,1
5805,0
10005,0
6095,0
9022,0
285,1
5656,1
4851,1
1330,1
1905,1
8252,0
7741,0
1595,1
9633,0
1609,1
1544,1
3968,0
8644,1
2464,1
3160,0
873,1
6055,1
1658,1
99,1
8737,1
4810,1
4003,0
9055,1
10856,1
8851,1
875,1
7861,0
6270,1
9613,1
1581,1
495,1
2307,1
2057,1
2309,1
6939,1
8390,0
1743,1
2914,1
4381,1
10612,0
390,1
5079,1
4623,0
9425,1
6398,1
5542,0
6343,0
2135,1
7565,0
2998,1
6494,1
7530,1
3405,0
3921,0
7464,0
7089,0
1098,1
10924,0
7187,0
1036,1
3170,0
2518,1
10483,0
3,1
3422,0
398,1
6408,1
8661,1
455,1
2302,1
210,1
7311,0
10465,1
6112,1
1293,1
5917,0
1875,1
10861,1
216,1
9046,0
10651,1
6737,0
4812,0
1671,1
5482,0
4446,1
3586,0
473,1
1482,1
5993,0
7957,0
5707,1
5862,0
6590,1
2917,1
3452,1
6980,1
9283,0
6156,0
3495,1
1656,1
10709,0
8539,0
9084,1
2574,1
7525,0
1753,1
1038,1
7685,0
8075,0
5065,0
7210,0
233,1
8151,0
10619,1
2159,1
2610,1
3377,1
5293,0
6762,1
9136,1
10254,0
2940,1
8241,1
469,1
8109,0
8806,0
10175,1
8211,0
611,1
8932,0
3591,0
6815,0
9573,0
1916,1
2338,1
1589,1
8100,1
3843,1
4845,1
4010,1
8679,1
3149,1
5236,1
8604,0
7249,0
2283,1
1926,1
10900,0
8106,0
9899,0
4141,0
9958,0
7342,0
338,1
9586,0
2551,1
4520,0
10526,0
8813,0
756,1
10257,0
8137,0
8006,0
3512,0
6741,0
3269,1
8694,0
10192,0
10131,0
5294,1
6921,0
7925,0
445,1
3928,1
8771,1
119,1
906,1
6026,1
7894,1
5714,1
9543,0
6706,0
74,1
2973,1
2124,1
5583,0
3527,0
8084,1
5486,1
813,1
9332,0
8765,0
10374,1
3863,0
485,1
4271,1
6863,0
6795,0
996,1
3084,1
3909,0
3466,1
4110,1
3951,0
9154,0
7707,1
10011,1
6528,0
9153,0
5049,0
5072,0
10776,0
1821,1
329,1
5888,0
8602,1
3624,0
4130,0
6180,1
2604,1
3453,0
9240,1
1388,1
6914,1
7664,0
9012,0
6356,1
5202,1
9115,1
2705,1
2544,1
255,1
7686,1
3790,0
3556,0
5216,1
9990,0
4257,1
4706,1
7300,0
5129,1
10613,1
946,1
3964,0
5406,0
4882,1
1389,1
6096,0
2468,1
1053,1
6169,1
6072,0
1187,1
669,1
4633,0
10825,0
3127,1
10422,1
795,1
4339,1
3820,0
680,1
2449,1
6976,0
2248,1
5499,1
7085,1
6285,0
5325,0
9346,1
4465,1
7068,0
3318,0
1418,1
6668,1
7746,1
4432,1
1271,1
8203,0
8577,1
8188,1
1572,1
2810,1
7509,0
9665,0
4754,0
7066,0
2298,1
5984,1
4635,0
5005,1
7242,1
655,1
3902,1
10086,1
4230,1
9705,0
7979,1
9042,1
3515,1
8018,1
3463,0
7475,0
225,1
8533,1
1080,1
54,1
8292,0
10419,1
592,1
8412,1
6492,1
5526,1
2288,1
7118,0
4685,1
8583,1
7865,1
9904,1
4526,1
9456,1
5269,1
10926,1
8386,1
4608,1
5941,0
2337,1
1942,1
1705,1
151,1
3932,0
5220,0
7148,0
3280,0
9060,1
8716,0
8494,1
3322,0
3052,1
10116,0
8126,1
176,1
3648,0
10311,1
6260,1
5338,0
7526,1
4967,0
8576,0
9620,1
8620,0
917,1
4499,0
9957,1
1436,1
2277,1
10975,0
1461,1
5266,0
1646,1
1467,1
10361,0
4842,0
3760,0
10962,0
3222,1
9562,0
8732,0
10386,0
3391,1
9221,1
4903,1
5523,1
1021,1
3970,0
3989,1
5898,0
4815,0
8192,0
6231,0
3980,0
9124,0
1153,1
8303,1
8256,0
1195,1
6321,1
1613,1
2524,1
6396,1
10136,1
9166,0
2372,1
3774,1
4580,0
6113,1
4999,1
7376,0
5195,0
167,1
878,1
8979,1
7012,0
10237,0
5471,1
7356,0
10183,0
3745,0
9293,0
8156,1
4986,0
9642,1
9892,1
126,1
2827,1
8929,1
3836,0
4439,1
2475,1
3202,0
9440,0
8907,0
3673,1
3529,0
5980,1
6152,0
4259,0
5088,1
5671,1
7855,1
10774,0
3916,0
5911,1
8360,0
56,1
2072,1
7134,0
1586,1
8493,0
525,1
801,1
7628,1
7548,1
5935,0
5663,0
6421,0
4716,0
4333,0
810,1
5444,0
6267,1
9529,1
5123,0
2555,1
4953,0
4891,0
4788,1
8766,0
9834,0
2862,1
7088,1
7911,0
2732,1
10814,1
3739,0
4725,0
904,1
3822,1
7805,0
8222,0
7043,0
1910,1
3768,1
10585,0
7008,1
2266,1
2264,1
1736,1
5311,1
1250,1
6862,0
8284,0
8685,1
4307,0
5936,1
7036,0
8854,1
4457,1
10255,0
1524,1
9570,1
5347,0
8403,0
1676,1
1068,1
1803,1
258,1
1288,1
6418,0
3339,1
5826,0
9721,1
4541,0
4735,1
6380,1
9720,1
7096,1
10508,0
8927,0
675,1
3601,0
5704,0
10413,1
4839,1
8114,0
4579,1
6198,0
10595,1
2141,1
10474,0
245,1
8882,1
4776,0
8157,0
213,1
4624,1
7534,1
1759,1
2224,1
433,1
2512,1
8021,0
10821,0
1090,1
6099,0
3039,1
4693,1
1541,1
2599,1
10497,1
830,1
10552,1
5419,0
7977,0
7028,1
8616,0
3380,1
4437,0
6769,0
853,1
4761,1
8227,1
10050,0
10243,0
9517,0
1854,1
3181,1
7006,0
1005,1
9021,0
6328,0
1240,1
784,1
4031,0
1744,1
7115,0
601,1
363,1
6635,0
8659,0
9123,0
2016,1
9027,1
10357,0
4498,0
6913,1
654,1
921,1
3142,1
4004,0
4656,0
3003,1
51,1
7949,0
5867,1
724,1
8611,1
10153,1
2401,1
10800,1
9852,1
8255,0
6003,0
7552,0
1888,1
3261,1
3058,1
4981,0
165,1
4444,1
3442,0
1411,1
71,1
1200,1
7671,0
313,1
5737,0
4821,1
3163,0
5872,0
10103,0
4561,0
7644,0
2483,1
1016,1
2649,1
6819,1
5604,1
9495,1
5875,1
10014,0
4121,0
5371,0
6970,1
6305,0
10129,0
5587,0
5343,0
4634,0
4097,1
156,1
694,1
6166,1
10,1
10152,0
7945,0
4662,0
10471,0
10162,0
2407,1
9790,0
1002,1
7137,1
2681,1
1760,1
1579,1
10728,1
7034,1
10636,1
999,1
1360,1
1115,1
19,1
7594,0
6868,1
8037,1
4279,0
5298,0
1247,1
3395,1
443,1
9647,0
6553,0
5070,1
6515,1
3152,1
8406,0
10660,1
9684,0
8272,1
9527,1
4223,0
8729,0
7087,1
8385,1
5166,0
7763,0
2521,1
10538,1
584,1
3897,0
4544,1
8117,0
1169,1
5696,1
9216,0
4746,0
227,1
3720,0
211,1
9121,0
8629,0
8772,0
5085,1
2104,1
6559,0
5625,1
5730,0
4569,0
10815,0
2205,1
10059,0
1645,1
7728,1
479,1
4756,0
2310,1
8310,1
10349,0
8656,1
2357,1
7469,0
1402,1
7361,0
5835,1
4917,1
1652,1
10028,0
9448,1
961,1
5600,1
8451,0
581,1
8672,0
6207,1
5291,1
3766,1
1015,1
6331,1
971,1
2764,1
520,1
16,1
9340,0
7408,0
3727,1
8889,0
9043,0
5929,0
2306,1
1618,1
3171,1
5744,0
6195,0
7215,1
748,1
7116,1
7982,0
5026,1
5810,0
4807,0
6967,1
6281,0
10913,1
5808,0
6696,0
5385,1
4510,1
963,1
2902,1
8394,1
5391,1
3604,0
4769,0
9923,1
9860,1
8069,1
80,1
3385,0
5357,1
10034,0
3695,0
10341,1
8427,0
3441,0
8428,0
6225,1
6755,1
1912,1
268,1
4028,0
9946,0
5519,0
6047,0
9274,0
1999,1
9406,0
2789,1
4643,1
7201,0
10181,0
6292,0
3427,1
993,1
9965,0
2513,1
586,1
6605,0
186,1
6687,1
8080,0
8343,0
10395,1
8943,0
8537,0
9381,1
7662,1
9497,0
2249,1
2417,1
2661,1
84,1
6963,0
8172,0
3642,1
8532,0
7394,0
6164,0
3542,0
1489,1
2418,1
8683,0
10307,0
9942,0
9625,1
10487,0
6335,0
1719,1
6320,0
5394,0
5590,0
10326,0
2258,1
4086,1
7127,0
1202,1
6938,1
5392,0
10025,1
5320,0
1636,1
3353,1
1370,1
628,1
5410,1
5989,1
8102,1
3489,1
9388,0
1962,1
426,1
2438,1
2832,1
5027,0
9582,0
5071,0
3194,1
4108,1
10215,0
8217,0
6949,0
10862,1
2616,1
2430,1
7609,1
8833,1
1379,1
10795,0
3366,1
386,1
2422,1
4888,1
9608,0
9436,0
4207,1
6735,0
1775,1
6924,0
4867,1
6364,0
4147,0
2621,1
9593,0
9514,1
3224,0
2151,1
6666,1
10546,0
10337,1
322,1
2672,1
5387,0
9936,0
2534,1
10988,1
5267,1
5414,0
9361,1
4783,1
5362,1
3033,1
10458,0
8546,1
8244,1
6477,0
254,1
6304,0
7190,0
7432,0
9548,1
5218,0
506,1
7499,1
9309,1
7506,0
5581,0
55,1
4474,1
4482,0
2193,1
4753,0
10769,1
10209,0
3063,1
10102,0
684,1
3292,0
1510,1
6080,0
288,1
5947,0
7320,1
4906,1
5777,1
8710,0
8552,0
10052,1
6876,1
1527,1
7501,0
599,1
8450,1
827,1
7904,0
10909,1
3770,0
544,1
6535,0
6817,0
8226,0
4528,1
8759,0
1735,1
2677,1
9818,0
3578,0
2713,1
6083,1
6828,0
5204,0
2772,1
5268,1
267,1
2979,1
8795,0
9987,1
3841,1
10581,0
171,1
4282,0
1697,1
9521,0
2829,1
5665,1
4022,1
10973,1
4785,1
5408,1
6672,1
3610,1
8138,1
2679,1
420,1
7663,1
1830,1
10786,0
6955,0
1932,1
4650,0
2887,1
10218,0
9184,1
1470,1
3879,0
5960,1
8632,1
2378,1
1783,1
8300,0
10740,0
4627,1
8048,0
2899,1
3216,0
6383,0
7106,0
5553,0
9837,0
1030,1
2703,1
4683,1
3559,0
9048,0
1692,1
2281,1
5153,0
4745,0
9679,1
6171,1
7583,1
8779,0
10336,0
887,1
9422,0
3358,1
4606,0
6090,1
7494,0
8662,1
2331,1
9603,1
10989,0
7844,1
5961,1
7025,1
2944,1
982,1
10920,1
8308,0
3855,1
886,1
4035,0
3233,1
4083,0
251,1
7372,0
8,1
5145,1
7128,1
7470,1
7776,1
411,1
9446,1
9501,0
7702,0
3372,0
215,1
10075,0
7455,1
9813,0
4651,0
4618,0
1241,1
2158,1
5474,0
664,1
1063,1
7708,1
8485,1
2474,1
7774,0
2903,1
4386,1
6135,1
1900,1
1199,1
6514,1
9220,1
10003,1
8136,0
3297,1
4189,1
9243,0
8087,0
9618,1
3374,0
2061,1
5546,1
7260,1
3886,0
7171,0
7476,1
8175,0
3523,0
2301,1
513,1
7806,1
7290,0
8468,1
4314,1
8897,0
8341,0
5253,0
10217,1
869,1
6222,0
2893,1
3551,1
6289,0
10477,1
4122,0
8981,0
8482,0
4850,0
8745,0
9341,0
10794,0
7479,1
3258,0
3131,1
1357,1
2405,1
4164,0
6699,0
5764,0
4870,0
7843,1
1852,1
7435,0
3730,1
3685,0
9999,0
2344,1
2965,1
7021,1
2803,1
10241,1
8838,1
4704,0
5998,0
3092,1
578,1
615,1
3603,1
5215,0
4991,0
10220,1
9100,1
9908,0
10916,0
6008,0
3096,1
2412,1
7842,1
3538,1
5285,0
3949,0
1516,1
4717,0
760,1
2722,1
4047,0
987,1
4638,1
7144,1
6009,0
9301,0
8123,1
1323,1
6701,0
3011,1
1107,1
3193,0
5963,0
9354,0
3678,1
4264,0
86,1
8875,0
8145,0
2577,1
8931,1
3541,0
7348,1
5199,1
8638,0
8025,1
4874,1
10040,1
4024,0
7473,1
5409,0
1336,1
9741,0
5698,1
9375,0
5423,0
4371,0
7225,0
10335,0
2289,1
2102,1
1871,1
6580,0
3652,1
6787,1
9401,1
3955,0
6392,0
8407,1
4880,1
9492,0
388,1
4063,1
517,1
6487,0
2629,1
8046,1
8809,1
6204,1
147,1
3622,0
68,1
6586,0
2155,1
3326,0
190,1
4587,0
3823,0
1694,1
3584,0
6734,0
4992,1
10806,0
3295,1
3416,0
7585,0
4292,1
1413,1
7850,0
3691,0
7641,1
7052,1
2174,1
6295,0
4547,1
5759,0
9308,1
4803,0
8221,0
6503,0
8442,0
672,1
4497,0
10935,1
2828,1
5664,0
9035,0
4664,1
10261,0
396,1
8857,1
5525,1
10459,1
4996,1
4025,0
1227,1
1219,1
8832,1
528,1
4772,1
1462,1
5648,1
9288,0
1194,1
10065,0
3415,1
1444,1
2588,1
2686,1
5608,1
4993,0
7298,0
1961,1
6640,0
1893,1
1136,1
228,1
7343,0
3243,1
4904,0
10838,0
1924,1
2523,1
8098,1
6474,0
3620,0
8199,0
4040,0
8561,1
7346,0
6438,0
5452,0
8240,0
10656,1
6116,0
10165,0
2229,1
7771,0
4563,1
834,1
1096,1
7423,0
5813,0
9756,1
7570,0
1433,1
10368,0
3375,0
7639,0
2285,1
2981,1
2089,1
1837,1
8676,0
5107,1
374,1
6435,0
2968,1
1945,1
6776,0
5203,1
7716,1
8020,1
4091,1
6990,1
7179,1
3191,0
7775,0
10017,0
5229,0
6508,1
328,1
687,1
9379,1
3145,0
9511,1
3606,0
4117,1
9442,0
9382,1
3895,0
7869,0
4990,0
6959,0
2435,1
10816,1
1822,1
1306,1
5949,0
922,1
3289,1
10453,0
10695,1
8819,1
698,1
8446,1
9445,0
2977,1
9992,0
4492,0
5509,1
10521,0
10922,1
4778,1
9118,0
4872,1
10540,0
3713,1
10641,1
4389,0
7239,0
2105,1
3128,1
7985,1
1930,1
9982,0
3658,0
6898,1
7926,1
4614,0
10783,1
6880,1
10179,1
9889,0
7285,0
10020,0
1224,1
10399,1
1452,1
4335,0
1979,1
7323,0
5366,0
5034,1
5870,0
10741,1
10210,1
4719,0
2349,1
3892,0
862,1
10314,1
4886,0
4248,0
7247,0
8259,0
2928,1
6712,1
5727,0
159,1
4939,1
9626,0
4466,1
7222,0
10878,0
1061,1
10713,0
3204,0
2363,1
10549,1
9887,1
4388,0
7510,1
7934,1
7669,1
8884,1
3742,1
6629,0
9708,1
6841,0
5029,0
8052,0
10809,1
5996,0
4109,0
6596,0
9348,1
9855,1
570,1
10139,1
3162,0
2029,1
1615,1
7678,0
3165,1
5137,0
1447,1
7393,1
6634,1
4176,0
9433,1
8492,1
8593,0
3682,0
5301,0
9380,0
5892,0
3706,0
9227,1
8491,0
7936,1
7596,0
2458,1
10290,0
5809,0
9077,0
9254,0
7793,1
6121,0
7374,1
10435,0
1626,1
3072,1
3748,0
229,1
4695,0
3300,0
7524,1
6927,1
3221,1
841,1
8705,0
4905,0
9470,1
4599,0
3587,1
4956,1
8702,1
4560,1
1430,1
7789,0
2413,1
3564,0
9064,1
772,1
9408,0
3396,0
5443,0
2110,1
9444,0
7410,1
3799,1
342,1
10293,0
2946,1
1859,1
4676,1
3794,0
10817,0
4843,1
6569,0
10600,0
6039,1
7448,1
5038,1
8957,0
1721,1
3029,1
5814,0
6174,1
2924,1
8142,1
10941,0
6298,0
9071,0
6221,1
9211,1
7077,1
3581,0
6359,1
10351,0
780,1
2377,1
5850,1
5120,0
3478,0
6443,1
4143,1
1805,1
8461,0
3369,0
2552,1
9342,0
1816,1
10108,0
4185,1
5321,0
3775,0
4148,0
6660,0
1362,1
3425,1
2044,1
3403,1
3573,1
6901,0
8051,0
884,1
5925,1
3690,1
4102,0
3636,1
10246,1
9862,1
4197,0
5437,0
243,1
8228,1
1423,1
2634,1
8858,1
4295,0
9638,1
2668,1
2490,1
3931,0
5156,1
7017,0
10296,1
10835,0
1419,1
4881,1
9251,1
10946,1
3361,1
8734,1
7221,0
6950,1
6505,1
3992,0
3684,1
7083,0
4087,1
1790,1
4358,1
10747,1
4107,1
7990,0
2313,1
3327,0
5043,0
5116,0
2023,1
3838,1
9850,0
523,1
1329,1
8751,0
10902,0
1268,1
6322,1
8088,0
7783,0
2203,1
7584,0
2837,1
10704,1
8164,1
1113,1
1358,1
608,1
317,1
6624,1
1059,1
6357,0
622,1
9547,1
2485,1
8645,1
9993,0
3566,1
10154,1
1434,1
6827,1
8670,1
548,1
1604,1
2511,1
9578,1
3255,0
8026,1
1673,1
3384,0
10937,1
1082,1
3595,0
9418,0
3445,1
352,1
8085,1
7630,0
10796,0
6342,1
9902,0
5599,1
5339,1
4075,1
8281,1
5044,1
4128,0
488,1
10745,0
6656,0
2177,1
10486,1
4721,0
10417,1
10383,0
8320,1
1873,1
9587,0
9584,0
6870,1
7349,1
2018,1
7880,1
10767,0
1853,1
8937,0
6427,0
6411,1
8797,0
6520,1
6194,0
5623,0
7782,1
1412,1
785,1
8867,0
239,1
10401,1
1643,1
6926,0
155,1
9929,0
1332,1
4600,0
6947,0
3887,0
1341,1
8980,1
9814,1
3354,0
5097,1
10012,1
8825,0
697,1
7895,1
1137,1
8545,1
7471,1
4208,0
7445,1
7831,1
8966,0
10389,1
6533,1
6349,0
8465,1
2935,1
2245,1
9871,0
2202,1
8039,1
6599,0
5040,1
4946,0
8193,0
5979,1
4987,1
8597,0
8853,0
10564,1
8881,1
1091,1
6873,0
6159,0
10425,1
104,1
3814,1
5376,1
1097,1
10372,0
7778,1
9668,0
5908,1
2419,1
101,1
6618,0
5957,1
844,1
5159,0
10299,0
2735,1
10777,1
9559,0
5047,0
980,1
2971,1
2399,1
6046,0
9010,1
4609,0
9062,1
3798,1
533,1
8728,0
8535,1
6826,1
2100,1
8371,0
10863,0
7877,1
1019,1
1122,1
4427,0
7293,1
3287,0
296,1
1644,1
9484,0
6985,1
1890,1
4058,0
9592,1
6409,1
867,1
2380,1
3288,0
3296,1
9486,1
8529,0
3345,0
1216,1
2176,1
5902,0
8861,1
10308,0
9780,1
9654,0
5374,1
9428,0
6434,1
1915,1
3008,1
1826,1
8024,0
2173,1
3355,0
8174,0
6513,1
9210,0
9294,0
7839,1
2516,1
10387,1
5945,0
7029,0
2861,1
512,1
9385,0
6773,0
7114,0
5205,0
5372,1
3594,0
6071,1
1152,1
1560,1
3791,1
5175,0
4907,0
757,1
7929,1
9575,1
6992,0
8519,0
1150,1
10733,0
207,1
6163,1
1925,1
1180,1
9941,0
3392,1
4930,1
9690,1
714,1
7519,0
8938,1
8789,0
3953,0
145,1
1894,1
9568,1
1742,1
5460,0
4792,1
10921,1
8000,1
5516,0
6291,0
3611,1
2379,1
5724,0
9455,0
9477,0
6464,0
10098,1
7625,1
2531,1
2005,1
2563,1
3064,1
947,1
1684,1
8331,1
4613,0
7233,1
4400,1
6006,1
9183,0
7061,1
10824,1
7947,1
1041,1
2826,1
7717,1
173,1
9644,0
10224,0
8274,1
6336,0
797,1
4250,0
1265,1
5282,0
2547,1
3570,0
5887,0
4187,0
6124,1
2556,1
7132,1
5709,0
838,1
3596,0
6850,0
8079,1
6282,1
2866,1
6278,1
10456,1
1258,1
9502,0
3807,1
3589,0
2152,1
5778,1
1896,1
5389,0
10123,1
2943,1
3539,1
6822,1
2032,1
7151,1
2299,1
8044,0
10320,1
166,1
4321,0
7562,1
1574,1
5830,1
1438,1
2819,1
4622,1
7796,1
9541,0
5811,1
6229,0
1278,1
5897,0
244,1
11,1
10518,0
6388,0
1374,1
6140,0
8582,0
6912,0
3038,1
1548,1
1334,1
3853,0
8499,1
4414,0
931,1
1127,1
8605,0
1715,1
5871,1
4518,0
2178,1
1716,1
3472,1
10834,0
1167,1
6089,0
7833,1
6306,1
9699,1
4062,0
8234,0
7561,1
2192,1
3070,1
9890,0
9739,0
9286,0
3480,0
4345,0
820,1
10823,0
2743,1
6511,0
2736,1
6191,0
2595,1
8290,0
5820,1
2369,1
7971,0
2762,1
5921,0
10054,0
44,1
531,1
1147,1
4198,0
7921,0
4564,1
5470,1
3321,1
4327,1
8042,0
5832,1
1475,1
7050,0
2734,1
3195,0
6732,0
4115,0
5753,1
10222,1
3348,1
8061,0
9715,1
4574,0
5977,0
8293,0
6584,0
4786,0
2785,1
5011,1
8820,1
483,1
10468,0
1272,1
7655,1
2933,1
7429,0
1352,1
5673,0
5682,0
1591,1
6027,1
3311,0
5662,0
3151,0
9052,0
2501,1
8319,1
3486,0
1432,1
3668,1
3260,1
7950,0
3116,1
3852,0
5738,0
5798,1
4700,0
7859,0
627,1
4644,0
8643,0
1506,1
2230,1
6049,0
7765,1
6993,0
8565,1
3126,1
5024,0
3285,1
357,1
434,1
7535,1
3168,1
7033,1
9935,1
3987,0
2454,1
10275,0
2273,1
2909,1
3679,1
6621,0
3991,0
10303,1
1960,1
2536,1
2707,1
9094,1
9918,0
3993,1
3378,0
1310,1
932,1
3913,1
2665,1
10485,0
8361,1
6887,0
1309,1
6645,0
1909,1
8950,0
10760,1
5506,1
846,1
91,1
4550,0
9819,1
1556,1
5942,1
4553,0
9840,0
4896,0
5378,1
5962,1
587,1
1065,1
4739,1
6216,0
9432,1
7743,1
5615,1
2447,1
8618,0
64,1
5965,0
8064,0
6915,0
10060,1
1118,1
7975,0
2927,1
8011,0
8345,1
747,1
1798,1
799,1
6297,0
7540,0
8589,1
6097,1
709,1
7146,0
549,1
3035,1
908,1
5081,0
8059,0
4032,0
9413,0
5815,1
10384,1
8864,0
8202,0
3082,1
5573,0
146,1
183,1
6238,0
6102,0
10479,0
7120,0
663,1
9976,0
7908,0
2489,1
9199,1
630,1
10173,0
2666,1
6996,1
6788,1
10687,0
7826,0
6766,1
7784,0
10200,1
8495,0
9509,1
8414,1
8369,1
6977,1
4558,1
6711,0
354,1
10062,0
1093,1
9503,0
9185,1
3007,1
4940,0
10976,0
1509,1
3579,1
3767,0
10808,0
8693,1
3179,0
10300,0
8511,0
7057,0
681,1
2467,1
5491,0
10130,1
7491,0
7295,0
10229,0
2854,1
6758,0
8479,0
7764,1
7549,1
2482,1
9329,0
4601,1
646,1
1047,1
1111,1
8297,1
6816,0
8196,1
7174,1
10714,1
7983,0
5667,0
10952,0
61,1
1880,1
5866,1
1146,1
6107,0
3731,0
2870,1
10983,1
5765,1
823,1
10167,0
7661,0
10343,1
5306,1
2760,1
9106,1
6643,0
7442,1
7715,1
3086,1
6402,0
3707,0
8408,1
3885,1
8251,1
1617,1
832,1
2525,1
1422,1
10883,1
1514,1
8526,0
5353,0
1133,1
129,1
5579,1
8903,1
4849,0
2446,1
2382,1
9888,0
94,1
9078,0
1767,1
7618,1
10764,1
9667,0
4487,0
2769,1
2816,1
3954,0
4974,0
1503,1
6878,1
7991,1
4422,1
4399,1
8915,1
6507,0
4129,0
1048,1
41,1
7220,1
7072,0
5272,1
3503,0
1889,1
4912,0
9463,0
8699,0
4420,0
1526,1
3751,0
10662,0
4678,0
1992,1
5653,1
1400,1
8657,0
5076,0
5776,1
6849,0
6078,0
9082,0
8988,0
130,1
1794,1
3540,0
7874,0
9670,1
6323,0
7414,1
6227,1
2540,1
783,1
3090,1
8667,0
8379,0
4531,0
5539,1
9499,0
10216,0
8823,0
1666,1
7135,1
6801,1
652,1
10620,0
8426,0
877,1
35,1
4835,1
9063,0
7355,1
8466,1
10625,0
3729,0
10390,0
10146,0
10038,1
1771,1
3883,1
9338,1
9208,0
2183,1
10184,0
8580,0
8286,0
5336,1
340,1
7683,0
138,1
7516,0
5901,0
6313,0
7616,1
6554,0
2786,1
6005,1
3340,0
990,1
829,1
4929,0
9660,1
7185,1
1266,1
3398,0
4799,1
1066,1
7296,1
10945,0
4368,0
596,1
5580,1
9723,1
9894,1
9462,0
2694,1
5037,0
3071,1
6631,0
6893,0
6004,0
4748,0
4675,0
1723,1
3891,1
1762,1
8392,0
7522,1
3722,1
1337,1
8831,1
10013,0
3700,0
10626,0
10402,1
588,1
4453,0
2712,1
6240,1
4506,1
4247,1
7940,1
7377,1
3184,0
4873,0
8531,0
5445,0
4166,0
10899,1
6025,1
7333,1
9374,0
5746,0
164,1
8480,1
7692,0
6775,1
8976,0
7191,1
5880,0
2976,1
2094,1
3417,0
579,1
5858,1
656,1
5679,1
3747,0
7015,0
5910,0
6579,0
2436,1
1911,1
1071,1
5014,0
2012,1
3434,1
856,1
8329,0
9549,0
5457,1
471,1
6987,0
4325,1
3907,0
678,1
1027,1
6679,1
2279,1
463,1
6608,0
116,1
4994,0
7140,0
3198,0
10841,0
1974,1
7856,1
2515,1
6900,1
9674,0
8612,1
10493,0
4555,1
4985,1
10004,1
4829,0
9994,0
4811,1
5680,0
8182,0
2402,1
4923,1
1784,1
4919,1
9182,0
1749,1
726,1
3719,1
1828,1
1182,1
2139,1
6161,0
2433,1
337,1
10318,1
1401,1
10119,0
10475,0
1594,1
2219,1
3557,0
6428,1
2664,1
1304,1
6742,0
6012,1
5227,1
595,1
8799,1
2322,1
6355,0
5435,1
8782,0
5332,0
10191,1
8010,0
9917,0
9049,0
6760,1
6752,1
3172,1
929,1
3677,0
8803,1
10686,0
6502,1
9102,0
3582,1
2109,1
7800,1
868,1
626,1
6493,0
10954,1
4955,0
2532,1
6125,1
4653,0
6566,1
1151,1
9865,1
8891,0
7815,1
8322,0
10106,0
2919,1
7794,1
3024,1
7513,1
1640,1
8610,1
1479,1
9870,1
4416,1
677,1
5448,1
10514,0
9437,1
4884,1
9435,0
4069,1
7048,1
10373,1
2295,1
3379,0
1385,1
266,1
2478,1
6036,0
1415,1
7314,0
8326,1
2913,1
5758,0
916,1
10026,0
3757,0
279,1
237,1
2071,1
9879,0
10563,0
1301,1
6763,0
572,1
1499,1
7360,0
2505,1
2411,1
9066,1
5803,0
4287,1
3028,1
10974,0
3060,1
4978,0
7248,0
436,1
3906,1
7081,0
5716,1
487,1
9761,0
8637,1
3091,1
9430,0
10589,0
8998,1
7186,1
8744,1
2292,1
6370,1
7195,1
3549,1
10258,0
2122,1
4854,1
8351,1
477,1
2366,1
4468,0
1480,1
424,1
1856,1
1796,1
7682,1
1534,1
2949,1
2961,1
4504,0
10078,0
5155,1
10189,0
8179,1
5616,0
10164,0
6685,1
1641,1
9001,0
7575,1
9145,0
8794,0
8624,0
8701,1
8416,1
4442,1
9320,0
8036,1
3612,1
7756,0
1099,1
7282,1
6274,0
6094,0
1774,1
6911,1
10205,1
9193,1
6073,0
3926,0
4469,0
4332,1
10332,0
8555,1
10789,0
788,1
3119,1
8544,0
6063,0
273,1
7113,0
9162,1
4887,0
1088,1
10286,0
10842,1
6242,0
7732,1
2353,1
502,1
6825,0
8311,0
154,1
10705,0
7563,1
464,1
589,1
7257,0
7545,1
1596,1
2498,1
604,1
7054,0
4096,0
5103,0
6799,0
10792,1
2251,1
4471,0
5915,0
4377,1
139,1
7407,0
9629,1
9776,1
7175,0
7264,0
1404,1
9544,0
3699,0
8469,0
208,1
3936,0
6424,0
49,1
9187,0
2013,1
3599,1
7430,0
39,1
5368,0
9019,0
8750,0
9538,0
10144,1
4131,0
7587,0
5106,1
5441,1
9129,0
4429,1
9261,1
9912,1
2066,1
7335,1
6117,0
9956,0
1102,1
6804,0
4009,0
2864,1
7419,1
10911,1
10618,0
10749,1
5983,0
9630,0
8591,1
2633,1
8362,0
4311,0
6461,0
1177,1
1307,1
1899,1
4642,1
7514,0
1380,1
2364,1
5964,1
8798,0
9782,1
7591,1
9574,0
10469,1
8462,1
4286,1
4430,0
2432,1
2269,1
10543,0
6247,0
3961,0
7713,0
9858,0
3670,1
768,1
2680,1
2684,1
6808,0
7636,0
3477,0
2873,1
2738,1
3714,0
2844,1
7107,0
9466,0
8928,0
2487,1
845,1
10685,0
8348,1
324,1
8619,1
7684,1
5188,1
9335,0
8096,0
9515,1
2669,1
9510,0
5237,0
4119,0
9777,1
718,1
1276,1
5323,1
9695,1
4727,1
2651,1
4757,1
9366,0
1117,1
7734,0
7373,0
6786,0
9534,0
4806,1
3468,0
9666,1
2358,1
6190,0
6170,0
8287,1
330,1
7987,1
1290,1
2704,1
410,1
9399,0
8309,0
1348,1
3942,1
6861,1
2824,1
7704,0
10948,0
291,1
4328,1
8989,1
8178,0
9233,0
2481,1
8120,0
3424,1
9752,0
4701,1
7951,0
6167,1
393,1
8800,0
1333,1
5114,0
9059,1
8268,0
4705,1
5894,1
5375,1
2932,1
9459,0
2502,1
351,1
5067,0
4254,0
7600,0
7030,0
8671,1
8554,0
9310,1
2606,1
10515,1
5139,1
5558,0
10692,0
8590,0
3771,0
9754,1
6235,1
1741,1
214,1
3627,1
7080,1
8476,0
7076,1
2900,1
5198,0
7727,0
8824,0
8792,0
1285,1
9306,0
53,1
9560,1
4396,1
3205,0
3666,1
2776,1
4766,1
3273,1
5495,0
8391,0
7082,0
6983,0
2839,1
5246,0
4572,0
6362,0
6646,0
2596,1
3501,0
3042,1
9370,1
1933,1
4758,1
9842,0
1728,1
8608,0
6859,1
623,1
4775,0
6419,0
2853,1
9836,0
5655,0
2103,1
9209,1
7571,1
892,1
4494,1
4787,0
4713,0
6133,0
8752,0
6523,0
9907,0
3899,1
2396,1
10128,1
6137,0
492,1
10668,1
3088,1
787,1
3227,1
2268,1
10244,1
935,1
460,1
3815,0
3569,0
5838,0
8652,0
7467,1
10957,0
5016,1
5628,0
2088,1
1791,1
7011,0
9004,1
3393,1
5485,0
3200,0
5042,0
10429,0
7294,0
399,1
1718,1
8502,0
6374,1
2263,1
3099,1
3025,1
9680,1
7915,0
22,1
8058,1
8277,0
7919,1
10158,1
9368,1
1603,1
2452,1
9838,0
405,1
8335,0
1322,1
5570,0
4182,0
2646,1
9471,0
7339,0
4210,0
6476,1
6960,0
8841,0
5877,0
3067,1
180,1
2805,1
9132,1
6628,0
5383,1
1110,1
8458,1
5182,1
7768,1
3159,1
1183,1
7705,1
7993,0
6484,0
4797,1
1437,1
6833,0
6642,1
6172,0
8324,1
5548,0
4289,0
2934,1
658,1
1611,1
4578,0
6154,0
5125,1
4331,1
804,1
3226,1
3125,1
1299,1
9546,0
5472,0
6391,1
3784,0
4933,0
6483,1
8135,0
692,1
10124,0
2082,1
8400,1
8127,0
4655,1
3528,0
9160,1
3436,0
5513,1
6641,0
7930,0
7586,1
10404,1
197,1
8279,1
2320,1
7523,0
10822,1
8787,1
6200,1
2985,1
2912,1
1283,1
9964,1
8947,0
7097,0
9949,0
3846,1
6426,0
8291,0
8960,0
2329,1
8153,0
8784,0
6633,0
4211,0
6931,1
4077,0
3806,0
8249,0
5538,1
8278,1
6379,0
10506,0
1800,1
2821,1
4659,0
1958,1
1914,1
6884,0
8134,0
6697,1
10321,1
5251,0
9017,1
9652,1
7711,1
5074,1
2792,1
3470,1
7759,1
10990,0
2717,1
758,1
5794,0
2274,1
5702,0
10367,0
8027,0
2840,1
5345,1
2099,1
4324,1
1184,1
1109,1
7334,0
10512,1
2770,1
3990,0
7627,1
3446,0
3373,1
9872,0
702,1
10166,0
6886,0
10327,0
9747,0
461,1
3201,0
7974,1
1863,1
5062,0
8015,1
9367,1
36,1
2486,1
8356,0
8703,1
5337,1
2623,1
7001,1
4942,1
1815,1
5969,0
8815,1
7273,0
5588,0
6539,1
1377,1
2459,1
7478,1
8906,1
7344,0
9009,0
380,1
1087,1
2815,1
8992,0
10832,0
3056,1
10951,1
2184,1
10996,0
3464,1
5757,1
446,1
10839,0
9856,0
2086,1
4484,1
7612,0
729,1
10712,1
6176,0
5855,0
5061,1
9551,0
7637,0
1711,1
9264,1
5821,0
9628,1
10904,1
5397,0
1232,1
3402,1
580,1
2953,1
7870,1
5721,0
7315,0
5185,1
9513,0
614,1
7687,1
2718,1
9796,1
4404,0
849,1
621,1
511,1
2000,1
6103,1
9289,0
7465,0
10178,0
2311,1
125,1
4507,0
3314,1
5613,0
8844,0
3710,0
4034,0
3723,0
1725,1
5772,0
3999,0
5829,1
505,1
564,1
1537,1
2043,1
7590,0
7725,1
6834,1
5924,1
4021,0
8125,0
5644,1
10845,0
92,1
7336,0
6458,0
6219,1
6348,0
9431,1
9311,0
5307,1
7712,0
2883,1
3272,0
2858,1
1833,1
2293,1
5824,1
8926,0
1939,1
1528,1
3473,0
1834,1
9961,0
7487,0
6810,0
423,1
7931,1
7918,0
2138,1
2060,1
10944,1
6622,1
1060,1
10176,1
9843,1
6522,0
1359,1
5938,0
4084,0
6591,1
5473,1
1387,1
6273,0
4283,0
4199,1
1324,1
3432,0
182,1
6934,1
3687,0
10542,1
4170,1
9135,1
7170,0
6028,0
6700,0
3506,0
8146,1
7675,1
5755,1
8598,0
5404,1
1874,1
3808,0
2947,1
1033,1
203,1
10097,0
10430,1
5176,1
1464,1
9971,1
9598,0
10208,0
15,1
3299,1
5769,1
2339,1
10489,1
10597,1
9682,0
4030,0
9114,1
2093,1
6150,1
910,1
4426,1
10722,0
840,1
5013,1
4045,1
4801,1
8558,0
854,1
9558,1
2641,1
3702,1
938,1
6751,1
4820,1
9611,0
1390,1
7338,0
10762,1
2352,1
8078,1
2129,1
5432,0
1648,1
1114,1
8970,0
9966,0
3308,0
7537,1
894,1
10593,1
3680,0
8247,0
9897,1
9155,1
5943,0
295,1
1476,1
5985,1
10278,1
3150,0
9627,0
10932,1
6111,1
1148,1
10848,1
5174,0
7551,1
8547,0
407,1
177,1
7544,1
2091,1
10837,1
9276,0
5400,1
9830,1
5428,0
3979,1
181,1
7898,0
5740,0
9563,0
218,1
3001,1
9915,1
10917,0
1496,1
7754,0
10451,0
6720,0
10897,0
5028,0
9253,0
3199,0
8622,1
327,1
8112,0
7288,1
6319,0
3230,0
10828,0
8665,0
983,1
2207,1
2107,1
786,1
8250,1
9005,0
321,1
3161,0
1160,1
9410,0
2443,1
3083,1
8093,1
973,1
8821,0
8350,1
3884,1
10150,0
9733,1
1190,1
10436,0
8775,1
9147,0
514,1
5622,1
7396,1
3248,0
248,1
6548,0
4636,0
9959,1
10781,0
2077,1
10798,0
644,1
3104,1
6082,1
631,1
1562,1
1262,1
7428,1
1954,1
4852,1
7660,1
3259,1
10448,1
1706,1
9297,0
10888,1
8154,0
1670,1
2346,1
10066,1
4101,1
10715,0
10055,1
10575,1
6400,1
3080,1
3837,0
10163,1
1964,1
2800,1
1883,1
3411,1
1998,1
8424,0
10499,0
4372,0
9333,0
8553,1
2530,1
9687,0
3663,1
9896,0
3293,0
6627,1
3244,1
5273,0
5502,1
4765,1
7449,0
3718,0
2096,1
9099,0
2920,1
10511,1
9622,0
5632,1
2355,1
7340,1
2316,1
8614,0
4551,1
5591,0
10285,1
1455,1
7362,0
9968,0
3983,1
8783,1
3010,1
4935,1
5297,1
9383,0
3787,0
1171,1
6420,0
1248,1
4822,1
8224,0
6033,0
4501,1
6772,0
4132,1
10523,1
4863,1
10159,1
5241,1
10301,1
1531,1
1654,1
10476,1
4294,1
4461,0
1502,1
8948,0
7962,0
7,1
9075,1
10048,0
9450,0
3019,1
3908,1
265,1
6030,1
9841,1
6919,1
6312,0
3212,0
7674,0
5834,1
4337,0
736,1
7040,0
5132,1
5303,0
3451,0
3121,1
7848,1
5645,1
6853,1
5535,0
9394,1
1657,1
5907,0
3854,1
5168,0
9678,0
10196,1
8669,1
3237,1
6848,1
7553,0
798,1
619,1
540,1
223,1
9727,1
6830,0
7723,1
3709,0
5099,1
7365,1
2147,1
8327,0
3950,0
3132,1
1143,1
753,1
8038,1
9144,0
812,1
3164,0
5369,1
8370,1
6688,0
7736,0
5154,0
1812,1
3535,0
4479,1
6582,1
10268,0
3834,1
1244,1
6399,1
2790,1
4573,1
3733,1
3952,0
9358,1
9691,1
292,1
7533,1
4114,1
1008,1
6526,1
10482,0
6770,1
8374,0
826,1
6736,1
4925,0
2962,1
10472,0
5959,0
3458,1
3283,0
359,1
5487,1
974,1
8933,0
3252,1
9683,1
10959,1
519,1
10559,1
7391,1
6667,1
1981,1
4059,1
2850,1
7483,0
9234,0
1217,1
4688,1
4020,1
4677,0
9239,1
2693,1
6441,0
8204,0
2598,1
3628,0
510,1
3443,0
7350,1
6943,0
7417,1
881,1
9685,0
5688,0
6141,0
7853,0
10039,1
5597,0
2576,1
4017,1
9571,0
4124,0
9328,0
6065,1
6444,0
2442,1
2996,1
5075,0
2228,1
567,1
4237,1
8033,1
3250,1
7954,1
6567,1
8237,0
4680,0
1970,1
770,1
925,1
5186,1
10918,0
1486,1
6544,0
5238,0
1642,1
9973,1
10667,0
4702,0
927,1
6469,0
6601,0
7003,1
3239,1
4296,1
1653,1
8773,1
2045,1
8031,1
6158,0
9969,0
5010,0
4159,0
542,1
7606,0
5745,0
8471,0
4621,1
985,1
7629,0
10047,0
9530,0
5247,0
8788,0
5717,1
3872,1
3449,0
2238,1
3653,0
6847,1
3802,0
6061,1
3370,0
7297,0
5425,1
890,1
7459,1
404,1
2455,1
5417,0
10067,0
10529,0
5528,0
10256,1
9498,1
10385,0
7557,1
7527,0
4514,0
8097,1
8548,1
7935,1
3681,1
7400,1
10520,0
10701,0
6910,0
274,1
7463,1
8991,1
8954,0
10172,0
2477,1
7204,0
1558,1
10993,0
5434,0
6665,0
10560,1
3144,0
6456,1
3021,1
4193,0
9866,0
7799,0
205,1
8829,1
10195,1
1231,1
10309,0
7183,1
7602,1
7749,0
1972,1
5833,1
2466,1
5364,0
6740,1
10185,0
9597,1
9258,1
1973,1
7811,1
5276,1
7891,1
8383,0
4692,0
5926,1
10227,1
8111,0
3349,0
716,1
10971,0
290,1
3357,0
5228,0
8364,0
4161,1
4862,1
5431,0
8029,0
7729,0
3006,1
6149,0
8489,0
6730,0
773,1
2425,1
5751,0
1441,1
1929,1
1144,1
113,1
5031,1
2833,1
10464,0
2197,1
7887,1
10057,1
7206,0
6683,0
2239,1
7851,0
8200,1
3826,0
4538,1
4421,1
665,1
6404,1
4767,1
10930,0
8733,1
2196,1
5360,1
10644,0
5447,0
3414,0
7654,0
3113,1
8068,1
2997,1
9248,1
5773,1
2989,1
10622,1
6549,0
1870,1
6650,0
33,1
3306,0
6575,1
401,1
9991,1
8057,0
2568,1
9453,1
5393,1
3155,1
10726,1
4236,1
4158,0
1922,1
6032,1
4012,1
4360,1
4051,1
2165,1
4639,1
9787,0
705,1
4890,1
3797,0
3522,0
1806,1
280,1
7176,1
6213,1
3462,1
4583,1
10127,0
8173,0
10117,1
3655,1
1632,1
1941,1
2857,1
8264,1
6367,1
1045,1
10030,1
1639,1
2327,1
5863,0
5802,0
9148,0
3877,0
3618,0
9441,0
4268,0
591,1
3796,0
10893,0
1570,1
6395,1
6835,0
1270,1
6674,1
6105,1
5160,0
222,1
3660,0
9884,0
52,1
4983,0
5118,1
7863,0
10350,1
2500,1
10646,1
3915,0
7287,1
618,1
9174,0
5844,1
1846,1
5158,0
9728,0
7022,1
379,1
8574,1
1714,1
4100,0
1279,1
5232,0
192,1
1866,1
6576,0
4928,0
5521,0
10683,0
394,1
10689,0
3147,0
3960,1
6131,0
10718,0
4629,0
1327,1
8463,0
598,1
1855,1
7380,0
2631,1
7262,1
9159,1
6573,1
6265,1
4846,0
6753,1
1663,1
8004,1
6002,1
9070,1
1124,1
7138,0
37,1
475,1
5544,0
264,1
10868,1
1439,1
2410,1
706,1
9655,1
9555,1
3639,0
556,1
40,1
8372,1
1827,1
2365,1
5576,0
8445,0
5119,1
9564,1
2739,1
4615,1
8003,0
5335,0
5768,1
10270,0
9648,0
10802,1
4145,1
8868,1
3649,1
326,1
4949,0
4288,0
5100,0
10478,1
5899,0
895,1
6995,0
7699,1
9553,0
69,1
5206,1
8944,1
1353,1
10496,1
8404,0
7910,0
135,1
5728,0
2678,1
3550,1
9794,1
8550,1
9488,1
6132,1
10265,0
5196,1
1655,1
4305,0
3840,1
923,1
7354,0
7299,1
9053,1
4452,0
9327,0
6928,0
6937,1
5314,0
3271,0
5377,0
2886,1
9386,0
1963,1
7541,1
1649,1
10675,1
217,1
3644,1
4750,0
3264,1
9205,0
643,1
5549,0
590,1
10849,0
6014,0
10467,1
2240,1
2761,1
2504,1
10171,0
4673,0
5934,0
2852,1
3343,1
7418,1
6077,0
1168,1
9755,1
5801,1
9104,0
425,1
5292,1
2675,1
2084,1
7158,0
2632,1
1571,1
3724,1
6340,1
10379,1
3811,1
4690,0
8067,1
6029,1
7234,0
1049,1
8776,0
4397,1
9250,0
2820,1
392,1
2901,1
5488,0
1364,1
8150,1
6307,1
4260,0
507,1
2782,1
10682,0
5540,0
7888,0
4055,1
1818,1
287,1
10118,0
8282,1
1243,1
5503,1
915,1
5799,0
5687,1
5105,0
4467,1
59,1
4724,0
8229,0
9750,0
7071,0
2624,1
2663,1
3521,1
9025,1
1971,1
8730,0
6761,1
1040,1
6466,0
1664,1
8894,0
9067,1
2781,1
10378,0
5098,1
6783,1
2210,1
2564,1
2891,1
1477,1
9591,0
5094,0
3034,1
1018,1
10204,1
465,1
6054,1
498,1
7447,1
9352,1
8738,1
9074,1
5317,0
17,1
6143,0
7938,0
5836,0
9482,0
10681,1
5280,1
4270,1
976,1
8636,0
4088,0
1517,1
995,1
8756,1
10473,0
4258,0
5610,1
7657,1
6268,1
7020,0
3613,0
1050,1
4298,0
3781,0
9921,1
909,1
4920,1
93,1
8232,0
8681,1
9800,0
2166,1
9662,1
7748,1
7388,0
10614,1
2450,1
8964,0
4309,1
10927,0
2711,1
4150,1
6192,0
2744,1
4718,0
2637,1
8599,0
7939,0
34,1
10091,1
66,1
7781,0
2990,1
8299,0
640,1
837,1
5250,0
6455,1
6504,0
8342,0
967,1
2509,1
9225,1
4545,0
10082,0
1612,1
10398,1
5421,1
7009,0
2132,1
9831,0
891,1
2628,1
7232,1
1363,1
478,1
4450,1
10830,1
10083,1
2683,1
5050,1
3825,0
4346,0
9877,0
9323,0
5284,1
1089,1
335,1
9590,1
3014,1
9259,1
8236,0
9079,1
10742,0
5211,0
10735,0
10093,0
3514,1
5592,1
8338,0
3012,1
319,1
5367,0
1553,1
809,1
5712,0
2517,1
2376,1
284,1
851,1
10010,1
2830,1
6885,1
5788,0
10621,1
2128,1
8253,0
503,1
7147,0
1406,1
4456,0
7277,1
8155,1
2305,1
939,1
1625,1
9767,0
2745,1
2581,1
10403,0
9601,0
7933,0
2586,1
5439,1
9194,0
1410,1
4741,0
10859,0
9980,1
6182,1
1128,1
175,1
10654,1
8105,0
3079,1
9663,1
636,1
8500,1
941,1
8441,1
4562,1
2256,1
2994,1
3097,1
3135,1
2227,1
9131,0
953,1
9424,0
10405,0
4172,0
8623,1
3889,0
7261,1
9255,1
144,1
5731,0
5151,0
3865,1
8741,0
6845,1
8876,0
3437,0
10072,0
6673,0
160,1
3494,0
2995,1
4374,0
4878,1
558,1
6302,0
8387,1
861,1
3419,1
5720,1
6376,1
10135,1
7208,0
10085,0
3890,1
7329,1
9356,0
3592,0
8167,1
8524,1
1944,1
6798,0
1251,1
6417,0
3173,0
486,1
8878,1
2253,1
4436,1
1665,1
1297,1
2294,1
1869,1
4948,0
5046,0
6888,1
10562,1
163,1
10649,0
10502,0
4489,0
230,1
8210,0
2040,1
10693,0
4535,1
918,1
4359,1
6974,0
8655,0
4490,1
3607,1
8460,1
5413,0
2796,1
3041,1
6202,0
2605,1
8230,1
9781,1
638,1
4674,1
78,1
38,1
1291,1
3849,0
7358,1
10113,1
8354,0
3574,1
8569,1
3109,1
5817,0
3737,0
5982,0
2121,1
6123,1
9108,1
9292,1
5568,0
9703,1
6812,1
5450,0
4546,0
10076,1
6378,1
6563,1
6694,1
1661,1
8418,0
8641,1
10212,1
6600,0
9206,1
4196,0
7434,1
9822,1
9389,1
4594,1
2647,1
5256,0
2168,1
5021,0
1782,1
7786,0
7165,0
10573,0
10092,0
6144,0
4319,0
490,1
5643,1
6929,1
262,1
7059,0
9664,0
8704,0
8974,0
10149,1
3316,1
10663,0
6942,0
2351,1
6952,1
2453,1
4988,0
4826,1
7404,0
2670,1
7624,1
6932,1
457,1
7840,0
1577,1
7440,0
5401,0
9698,0
9031,1
10225,0
2328,1
543,1
6181,1
187,1
6162,0
8431,0
1722,1
6224,0
7579,0
10982,0
2507,1
6552,0
2398,1
4708,0
4458,0
198,1
8849,0
10259,1
5318,0
7893,0
4214,1
4139,0
3577,1
5927,0
10490,0
5940,1
8814,1
7458,1
10787,0
8415,1
4146,0
9938,1
1020,1
9359,1
8843,1
800,1
5068,0
9878,0
9434,0
9895,1
2685,1
3196,1
9561,1
3359,1
7883,0
81,1
5873,0
1179,1
2114,1
5861,1
10942,1
3483,0
2400,1
3617,0
7102,1
8212,0
7902,1
3632,0
9732,0
8413,1
5039,0
3933,0
8139,1
3754,0
5073,0
6614,1
8581,0
10615,1
2098,1
2095,1
2941,1
5787,1
2653,1
355,1
10447,0
9169,0
9931,1
6695,1
4403,0
2865,1
2370,1
8132,0
4834,0
234,1
5589,1
9112,0
4625,0
10461,1
7042,0
7538,1
6920,1
1772,1
3180,0
10955,1
4272,1
4855,0
9745,0
7026,1
6714,1
5390,0
6670,0
6436,0
5626,1
6517,1
5194,0
4710,0
7847,1
10684,1
5713,1
7668,0
9516,0
1754,1
2194,1
2231,1
4893,0
1838,1
6659,1
5859,0
668,1
9181,0
7652,0
4527,1
9694,0
2017,1
5254,1
4402,0
6537,1
3705,1
2374,1
4008,1
3301,0
761,1
3938,1
4859,1
2874,1
2889,1
5584,1
1842,1
7905,1
7838,0
2922,1
3761,0
4800,0
448,1
5905,1
9464,0
5670,0
7648,0
7441,0
6555,0
4228,1
10524,1
6979,1
6607,1
4256,1
4773,0
1917,1
7813,0
9204,0
7312,1
4770,0
1463,1
9645,0
8791,1
1196,1
3824,1
4866,0
1481,1
9326,1
3544,1
3502,0
7554,1
3210,0
8978,0
8206,1
2725,1
4565,0
6982,0
3251,0
4219,0
3129,1
7129,0
480,1
6632,0
1257,1
310,1
7867,1
3256,1
1699,1
5849,0
6243,0
5951,1
2662,1
5639,0
1067,1
2314,1
7019,1
10438,0
10631,0
150,1
4052,1
9928,0
8043,1
9287,1
10691,0
5143,0
819,1
4689,0
6506,0
2567,1
10295,0
8301,0
400,1
4728,1
6454,0
4894,0
8171,0
8663,1
5846,1
5742,1
1485,1
3605,0
7994,0
4473,1
6245,0
6698,1
9771,0
9191,0
8483,0
8613,0
10797,0
7952,0
3830,0
6957,1
3346,0
2125,1
7860,1
8836,0
6691,0
1458,1
6211,0
7970,0
945,1
965,1
2667,1
7332,0
7703,0
2164,1
3888,0
6478,1
8314,0
5231,1
9925,0
1361,1
9632,1
6045,0
3708,0
153,1
1809,1
1208,1
2768,1
6075,0
9740,0
5087,1
2766,1
6467,1
2037,1
1734,1
8584,1
10867,1
10739,1
6251,0
7209,0
9734,1
5527,0
7379,1
8986,1
7108,0
6578,0
10676,1
1281,1
5748,0
1698,1
8410,1
7166,1
3793,0
708,1
9940,0
5767,1
3455,1
1154,1
10058,1
988,1
6341,1
9769,1
3338,0
6179,0
7310,0
3689,0
5003,0
6831,0
9226,0
6446,1
8066,1
1313,1
6034,0
937,1
6803,0
3320,0
297,1
1468,1
3235,1
6620,0
312,1
6954,0
1952,1
7632,0
10895,0
3236,1
260,1
1335,1
4251,1
202,1
4301,1
10599,0
2608,1
5533,0
1786,1
10968,0
9847,0
7192,1
1280,1
5484,0
9339,1
10100,0
3459,0
870,1
10219,1
5816,1
8439,1
9810,1
5529,0
8195,0
2548,1
4586,0
9932,1
1123,1
1540,1
2573,1
2161,1
3743,1
7368,0
9535,0
792,1
8746,1
6442,1
4962,0
10873,1
3020,1
8627,1
4833,0
6276,1
4005,0
9759,0
7872,1
6248,1
9033,1
5329,0
3051,1
4171,1
4737,0
6092,1
3317,1
5009,1
6201,0
8692,0
10710,1
7367,1
3018,1
2687,1
4901,0
7980,1
7436,1
10284,1
3982,0
8191,1
4947,1
1042,1
2142,1
5433,1
686,1
10031,1
5281,1
7177,1
5974,1
2959,1
3828,1
2463,1
1235,1
10101,1
4066,0
4376,0
3298,1
7653,0
4443,0
5022,0
5770,1
308,1
2916,1
7818,1
7180,0
835,1
83,1
3976,1
6339,0
5030,1
195,1
5230,0
7403,1
9839,1
6290,1
5916,1
4014,0
5380,1
7119,0
7352,1
8523,0
371,1
8922,0
7240,0
4723,0
9249,0
6057,0
2607,1
5359,0
1314,1
10698,0
526,1
4931,0
1748,1
2748,1
10659,1
9916,0
6846,1
2918,1
839,1
4598,0
4351,0
2742,1
2618,1
4061,0
1555,1
9373,0
8654,1
6684,1
21,1
1372,1
5489,1
822,1
9531,1
8176,0
5469,0
688,1
5975,0
8161,0
9851,1
5032,0
9023,0
4382,1
5260,1
8349,0
8515,1
4137,0
7159,0
5184,1
4297,1
9508,0
6490,1
10803,0
409,1
1704,1
10729,0
9168,0
2572,1
1766,1
2392,1
9407,1
1738,1
6570,1
2153,1
3683,1
9337,0
1747,1
5878,1
950,1
6944,1
4958,1
8869,0
7578,0
7808,0
4950,1
3975,0
5051,0
3504,0
8606,0
6329,1
2896,1
6702,0
1606,1
4789,0
4224,0
3609,0
5054,1
10322,1
10914,1
1226,1
5190,0
10440,1
9619,0
6723,0
10036,0
5641,0
10616,0
10964,1
8082,1
1776,1
9494,1
1014,1
3207,0
3583,1
6259,0
5057,0
10716,0
6101,0
3588,0
10535,0
1104,1
8530,0
5348,0
5593,0
8845,0
9438,1
8346,0
7617,1
8208,0
9934,0
2881,1
5607,0
7502,1
559,1
6134,0
9589,0
1140,1
1092,1
5124,1
395,1
8246,0
6594,0
5560,1
8378,0
6472,1
842,1
2533,1
4771,0
3447,1
2818,1
6975,1
1300,1
5461,0
5511,0
944,1
1867,1
1081,1
10905,1
339,1
5312,1
4513,1
7550,0
8936,0
3350,0
4961,1
331,1
4263,0
4483,0
3772,0
2793,1
1886,1
9693,0
3263,0
1058,1
3994,1
3957,0
4384,0
3065,1
4315,1
9880,1
9086,1
9056,1
3223,0
1898,1
573,1
8695,1
375,1
9886,1
4291,1
10537,1
366,1
5973,1
4076,0
8095,0
1708,1
7426,0
9945,1
896,1
5181,0
8952,0
169,1
3407,1
8767,0
6104,0
8818,1
5438,0
3962,1
5601,1
4094,1
6199,1
7366,0
9457,1
7156,1
956,1
1897,1
824,1
1321,1
2582,1
4595,1
4668,0
4703,0
4941,1
9273,0
6300,0
6864,0
8912,1
26,1
1255,1
5895,1
2747,1
8267,0
1792,1
7385,1
2603,1
5152,0
9409,0
3313,1
9854,0
7879,0
6899,1
9089,1
6881,0
4447,1
6778,0
1403,1
8333,0
4155,0
3833,1
4495,1
7306,0
10730,0
4696,1
5490,0
4418,0
3189,0
5412,1
4106,0
10018,0
635,1
9215,0
4220,0
10531,1
10334,0
3526,0
6854,0
7468,1
1727,1
4885,0
9634,0
8816,1
3543,1
10850,1
715,1
5259,1
10696,1
10818,1
641,1
3048,1
7742,1
4584,1
24,1
5286,0
5620,1
4174,1
1256,1
4188,0
2291,1
10007,0
2636,1
6437,1
414,1
954,1
2871,1
5167,1
6429,0
3249,1
6588,1
10754,0
3531,0
2910,1
828,1
634,1
979,1
3363,1
5245,0
9783,1
7256,0
9775,1
5475,0
10426,0
3740,1
4671,0
5780,1
3686,1
1590,1
123,1
5606,1
235,1
9454,0
7875,0
4200,1
6,1
136,1
5563,0
7062,0
10114,0
3789,0
2179,1
378,1
4596,0
6337,1
6516,0
5136,0
383,1
8962,0
2771,1
10325,1
189,1
9610,1
6244,0
157,1
7656,1
1426,1
10940,0
9536,1
1356,1
8397,0
6178,1
7899,1
10115,0
3266,1
5058,0
2812,1
2671,1
7941,0
9651,0
2794,1
6678,1
9820,0
607,1
3558,0
574,1
2169,1
3312,0
4936,1
3073,1
2580,1
10653,0
2491,1
10639,0
8129,1
7543,1
9300,0
2817,1
3876,0
2052,1
3325,1
8321,1
4235,1
4740,0
879,1
3148,0
5700,1
5127,1
2626,1
3137,0
554,1
6892,1
9090,0
1000,1
6060,0
9933,1
774,1
3036,1
7976,0
625,1
6867,0
2127,1
4916,0
6626,0
10956,0
7897,1
2215,1
6266,0
1414,1
3364,0
1600,1
7676,0
10775,0
1105,1
10999,0
685,1
9163,0
5411,0
10238,0
10519,0
7283,1
5163,0
10273,0
5133,0
5083,1
6431,0
5630,0
6041,1
1382,1
4344,0
2550,1
6857,1
3278,1
2503,1
2950,1
1593,1
109,1
30,1
2003,1
3851,0
4976,0
4660,1
8871,0
4840,1
10424,1
9998,1
5002,1
1902,1
9646,0
7141,0
6818,0
666,1
2367,1
8528,0
3671,0
4729,1
9149,0
3077,1
9930,0
5791,1
5675,0
6044,1
8219,0
275,1
5828,1
10965,0
7228,0
5308,0
6767,0
3253,1
10534,0
1951,1
8923,1
883,1
9962,1
7131,1
2814,1
6662,0
7480,0
10607,0
5180,0
10323,1
9416,0
9948,1
6916,1
9978,1
5918,0
9493,0
332,1
1535,1
5946,1
2222,1
5672,1
5382,0
7821,1
1103,1
9700,0
7670,0
3291,1
6613,1
8770,0
2806,1
9278,0
3440,1
7858,0
3275,1
880,1
6713,0
10193,0
2007,1
7486,0
2218,1
3386,0
7603,0
7988,0
1601,1
5465,0
4824,0
3593,1
10637,0
2144,1
5881,0
2978,1
8194,0
2710,1
5363,1
9317,0
4637,0
4072,0
6021,0
3651,0
4373,1
2645,1
6953,0
5101,1
4875,0
9656,1
2587,1
10510,1
7051,0
6832,0
3176,1
7369,1
10782,1
1052,1
5422,0
10752,0
3858,1
10650,0
7997,1
9997,0
6118,1
9280,0
1820,1
9403,0
2271,1
10778,1
1004,1
7770,1
10439,1
1287,1
9726,0
817,1
9528,1
2571,1
6048,0
9823,0
553,1
566,1
5677,0
4980,0
5571,0
1598,1
4153,0
2726,1
5900,0
3839,1
6744,0
3576,1
10266,0
5508,0
5108,1
10407,0
7760,1
5077,0
1141,1
2797,1
2895,1
9107,0
6652,0
5405,1
4864,0
10633,0
1428,1
5726,0
161,1
2440,1
2907,1
957,1
3925,1
5478,1
3804,0
10141,0
9465,1
5150,1
10443,1
754,1
5177,1
361,1
1717,1
9020,0
9161,1
1843,1
2472,1
1679,1
3465,1
2156,1
3013,1
1051,1
9762,0
1365,1
459,1
10981,1
1142,1
8484,0
3281,1
10876,0
10891,1
413,1
8456,0
3265,0
7481,1
4293,1
7790,0
6463,0
5515,0
992,1
9213,0
2388,1
10979,0
5209,0
7251,0
428,1
3213,0
4111,0
7547,1
3600,1
360,1
2644,1
2731,1
6994,1
3245,0
7243,0
5734,1
9792,0
7560,0
3635,0
5735,0
4726,0
8433,1
3972,0
497,1
10738,0
9269,0
5468,0
1034,1
8060,0
9164,0
6530,1
9764,0
6510,0
7924,1
4871,0
9504,1
8464,1
7387,1
6896,1
9473,0
6551,0
8595,0
8930,1
4763,0
2371,1
2031,1
9015,1
8898,0
8152,1
8285,1
2175,1
10371,1
6017,1
9476,0
4715,1
9650,1
4486,1
8358,0
2063,1
7528,0
1457,1
6908,1
2065,1
7532,0
1395,1
450,1
7110,1
9093,0
1943,1
1158,1
5561,1
2010,1
3974,1
5310,1
188,1
4512,0
5117,0
2613,1
408,1
7337,0
8158,0
3133,1
2579,1
8749,1
10084,0
10365,0
8438,0
2348,1
6448,0
4085,1
545,1
3948,0
7845,1
4380,0
616,1
8012,0
6486,0
5356,0
5518,1
9791,1
8472,1
7862,0
2730,1
1384,1
6843,0
8688,0
8091,0
9178,0
9506,0
7327,0
8401,0
5224,0
5304,0
7735,1
7099,0
6637,0
7928,1
8720,1
8525,0
1978,1
9091,0
9766,0
2643,1
2120,1
8143,1
6630,1
7854,1
671,1
4016,1
1923,1
6925,0
10358,1
2822,1
8592,1
10805,1
10305,0
4861,0
2108,1
10049,0
8908,1
4780,0
403,1
3382,0
8925,0
7913,0
1814,1
6040,0
5575,1
10484,0
986,1
7217,0
6611,1
7268,1
9909,0
5249,1
1376,1
5111,1
7849,1
9778,1
117,1
3997,0
10753,0
7109,0
7640,0
10264,0
2247,1
7622,0
10632,0
1797,1
606,1
9150,1
2462,1
2444,1
1344,1
6903,1
3400,1
8763,0
10831,0
10558,0
2119,1
381,1
4796,0
5555,1
2296,1
4926,0
8630,1
7422,0
1940,1
385,1
1885,1
6498,0
6115,1
6232,1
1238,1
8587,0
2847,1
7762,0
9152,1
5172,1
1181,1
7357,0
701,1
3049,1
9263,0
1789,1
6604,1
1616,1
4889,1
5843,1
6114,1
529,1
1125,1
9267,0
10437,0
9376,0
7984,0
10576,1
6519,0
949,1
1454,1
1139,1
767,1
6239,0
6345,1
9246,1
10522,0
1731,1
8967,1
8955,0
2140,1
538,1
4768,0
6774,0
4204,1
3701,1
8609,0
257,1
9520,0
624,1
2340,1
8288,1
4793,0
5729,0
6882,1
3511,0
2361,1
8566,0
6543,1
2237,1
4007,0
4186,1
5752,0
4943,0
10541,1
7079,0
8543,1
5566,0
5986,0
2642,1
4752,0
7218,0
7276,1
8455,0
441,1
9605,1
3850,1
108,1
3920,1
8697,1
1848,1
3878,1
4697,1
3323,1
8847,0
10623,1
7726,1
8540,0
6745,0
9125,0
4336,1
7016,1
3087,1
422,1
3656,1
7238,0
4369,1
6839,0
3623,1
10743,0
2863,1
5226,1
5948,0
8072,0
9986,1
1252,1
959,1
9377,0
6157,0
148,1
1318,1
9692,1
8434,0
5386,0
1175,1
5020,0
2923,1
5681,0
6387,1
2723,1
7964,1
7474,1
8103,0
9832,0
7284,0
733,1
10262,1
7595,1
7868,0
5007,0
9324,0
6296,0
1317,1
149,1
2342,1
3066,1
6361,1
1284,1
4691,0
5008,0
9875,1
8579,0
238,1
2303,1
7710,0
1757,1
1996,1
1164,1
3484,0
4098,0
1057,1
4605,1
5856,1
7814,0
1985,1
3100,1
8828,0
4537,1
1017,1
6754,1
9044,1
7747,0
10843,1
8674,1
2929,1
8588,1
6597,1
9355,1
9724,0
9960,0
10140,0
1055,1
9092,0
8973,0
4597,1
9109,0
5000,0
902,1
1730,1
7566,0
2992,1
348,1
2708,1
1668,1
8713,0
5283,0
62,1
2689,1
3868,1
1029,1
4329,1
7998,1
977,1
10939,1
3912,0
5341,0
2078,1
5559,0
1647,1
8747,0
6165,0
4138,1
5931,0
8817,1
9117,1
9859,1
10348,1
1176,1
2876,1
10156,0
3247,1
7694,0
10642,0
9821,1
4,1
9612,0
10972,0
4525,0
1120,1
4002,0
1064,1
3209,0
2079,1
5328,0
1619,1
1713,1
6731,0
1568,1
7415,1
3763,1
3005,1
2755,1
720,1
440,1
2614,1
4480,1
5162,0
3769,1
3026,1
7592,0
10223,0
1801,1
10151,0
2546,1
10697,0
9753,1
90,1
3676,0
7745,1
6368,0
7439,0
5668,0
9489,0
4278,1
10872,1
2033,1
4899,0
7680,0
6196,0
6724,0
6860,0
2038,1
2242,1
4366,1
2068,1
4136,0
755,1
4782,0
2385,1
9128,1
7005,1
8917,1
5612,1
8099,0
8902,1
682,1
47,1
2741,1
2892,1
1198,1
1186,1
10503,0
3864,0
8653,0
629,1
5652,0
7730,1
299,1
10177,0
7555,1
7691,0
10446,1
3141,0
6236,1
472,1
5060,0
8972,1
3197,0
8812,0
3778,1
8248,1
2879,1
10306,1
7824,1
899,1
10903,0
6837,0
1492,1
8993,1
4245,1
5944,0
10574,1
723,1
4308,1
3923,0
5966,0
10044,0
1849,1
2529,1
8793,0
9180,1
7608,0
201,1
2986,1
6450,1
7777,0
3208,0
10133,0
3507,1
9742,1
2106,1
6430,1
10579,0
10931,0
5706,0
10987,1
9914,1
5354,1
346,1
10015,0
5334,0
5351,0
10271,1
831,1
803,1
5825,1
4370,1
6453,1
5449,1
9158,1
1206,1
4582,0
9744,1
9196,0
7184,1
9812,0
10606,1
8235,0
102,1
9496,0
10145,0
5649,1
5213,0
4205,1
416,1
6904,1
32,1
4589,1
476,1
4175,0
2055,1
9116,0
8215,0
9882,0
185,1
2937,1
3257,0
304,1
7023,0
7643,0
7721,0
10397,1
4405,1
1155,1
936,1
8633,0
6010,1
4044,0
6756,0
7665,0
10889,0
7093,0
10910,0
3238,0
8586,1
9068,0
1986,1
737,1
6704,1
4302,0
5055,1
710,1
6777,0
5161,0
8914,1
4394,0
7914,0
6572,1
9039,0
2225,1
2558,1
2930,1
9330,0
5500,0
10377,0
1576,1
6917,0
10991,0
876,1
9552,0
8317,0
2763,1
9955,0
3490,1
6871,0
10721,0
2030,1
5330,0
9165,0
7427,0
4540,0
7720,0
6327,0
2162,1
2897,1
8448,1
8727,1
2428,1
9979,0
9415,0
9142,0
6079,0
3302,1
6074,1
2838,1
2660,1
6129,0
1518,1
3662,0
5302,0
4246,0
8585,1
3654,1
825,1
5424,1
5695,1
10198,0
2163,1
6482,0
6946,0
6449,0
10517,0
6189,1
7252,1
4699,0
4868,0
4511,0
5618,0
9050,1
4932,1
6353,0
4648,1
10864,1
8169,0
2111,1
5760,0
4190,0
1569,1
2416,1
1218,1
5831,0
8615,0
2841,1
4350,0
4165,0
10035,1
6866,0
3917,1
4698,0
9653,0
9519,1
661,1
5358,1
7598,0
7121,0
8846,1
9011,1
3626,1
6612,1
10239,1
2226,1
6589,0
7136,0
6891,0
10785,0
7074,0
10812,1
7718,0
9420,0
4322,1
901,1
9988,0
421,1
2601,1
8305,0
7873,0
10197,0
6318,1
10142,1
10316,1
3565,1
2049,1
7318,1
527,1
3634,1
6883,1
6460,1
3307,0
6796,0
5463,1
3978,1
333,1
2180,1
7466,1
1864,1
8757,0
2787,1
3981,0
5451,1
5761,1
141,1
734,1
2938,1
2520,1
7321,1
5407,1
2027,1
1498,1
8780,1
5638,1
8315,1
6615,0
9600,0
4895,0
2048,1
1688,1
468,1
209,1
9658,0
2286,1
9857,0
6279,1
7229,0
5110,0
1995,1
9786,0
5379,1
7073,0
10756,0
4038,0
5104,1
9585,1
1987,1
2343,1
3519,1
2243,1
10207,0
5914,0
2955,1
10732,0
7275,0
6606,0
128,1
5481,1
9378,1
5135,0
3614,1
6791,0
106,1
1062,1
4168,0
6422,1
8423,1
1513,1
9262,1
419,1
534,1
10267,0
4892,0
5634,0
10492,0
9588,1
6326,0
10279,0
5510,0
8506,0
4959,0
10434,1
10381,0
10416,1
1302,1
5999,0
7322,0
8968,0
7841,0
9372,0
10022,1
6410,0
769,1
7431,0
3336,1
1500,1
8939,0
2625,1
9402,1
2784,1
6664,0
8837,0
2496,1
5958,1
9867,1
2791,1
1808,1
3572,0
8571,0
7852,1
1173,1
3101,1
7673,1
8113,0
2280,1
3383,1
7738,0
2609,1
3910,0
9080,0
10881,0
9151,0
6922,0
9103,0
4267,0
1116,1
6085,0
2213,1
111,1
5550,1
2069,1
6412,0
4412,0
10550,0
1965,1
9566,0
1253,1
1497,1
2484,1
3629,0
9579,1
782,1
8804,0
6524,0
4679,0
1295,1
9797,0
7292,0
4937,1
10827,0
10657,0
2290,1
6750,0
3002,1
8549,0
4387,1
8307,1
6906,1
8128,1
7492,1
5477,1
8689,0
1614,1
889,1
6676,0
1921,1
5845,0
3475,0
4354,1
10009,1
4532,0
7351,0
10186,1
9304,1
314,1
10126,1
10929,0
8790,1
9030,0
140,1
9217,0
276,1
7901,1
2659,1
2473,1
10836,0
7753,1
7667,0
9171,1
2848,1
7916,0
7084,0
3177,1
7827,0
8718,0
2014,1
8893,0
6269,1
8904,0
8477,0
5514,0
1605,1
1578,1
9799,0
3641,1
6151,1
6220,1
4349,0
1369,1
1504,1
5398,0
7450,1
10233,1
4104,0
8121,1
6280,1
4533,0
8186,0
7230,0
1095,1
1138,1
3214,1
7828,0
4144,0
4549,1
972,1
4590,1
1907,1
8443,1
1622,1
8402,0
1701,1
1491,1
2875,1
2804,1
4825,0
10096,0
5492,0
9302,1
1072,1
2150,1
913,1
2640,1
5149,1
5631,1
4617,0
7164,0
4229,0
496,1
8022,0
10602,1
5467,0
4407,1
5922,0
5466,1
7413,0
537,1
9808,1
5627,1
9635,1
7621,0
509,1
10679,0
771,1
8276,0
864,1
1035,1
2381,1
2692,1
1780,1
3845,0
8559,0
2750,1
7866,0
7253,1
8634,0
462,1
8777,1
10006,0
8245,0
8452,1
7086,0
3217,1
4273,0
231,1
6782,1
4749,0
8352,1
10994,0
3537,1
1947,1
4408,0
8658,1
4135,0
3783,0
7070,1
3474,0
6879,1
3138,0
7416,1
5930,0
5458,1
10376,0
10294,0
1702,1
2931,1
6271,1
9051,0
7900,0
4064,0
8698,0
5582,1
1221,1
5170,1
2493,1
1106,1
7996,0
9360,0
10578,1
9349,0
2039,1
2740,1
7454,1
3057,1
6346,1
3218,1
5697,1
8842,1
8735,0
9729,0
2021,1
10711,0
2561,1
7484,0
10079,1
522,1
7375,0
8865,0
4049,0
6284,0
1260,1
5701,1
7647,0
6792,0
8420,0
5370,0
2575,1
5173,1
9120,1
5676,0
5326,0
5693,0
3467,1
3334,1
1756,1
5792,1
4348,0
871,1
1211,1
6058,0
7795,0
7613,0
2780,1
4585,0
6275,0
8065,0
10706,0
9122,0
6203,1
8562,1
6768,0
9201,1
3225,0
10315,1
6807,0
3792,1
10690,0
5091,1
10532,0
9861,0
1832,1
6905,0
9334,0
6689,0
2993,1
843,1
1449,1
5384,0
6338,1
2404,1
2360,1
569,1
2056,1
278,1
8918,0
5416,1
7178,0
6168,1
5086,0
4406,0
552,1
7518,1
3426,1
555,1
1515,1
8160,0
2186,1
8040,0
1046,1
4817,1
6294,0
10901,1
8304,0
1086,1
5322,1
1459,1
3448,0
9718,1
10400,0
3175,1
5598,1
3491,1
3286,0
7572,0
6405,0
4154,0
7205,1
7619,1
5069,0
5274,0
5084,0
3497,1
1819,1
7433,1
3721,0
6998,0
2009,1
6789,1
9167,0
3546,1
309,1
10737,0
7370,0
9686,0
134,1
3842,0
2783,1
4869,0
5857,0
8148,1
10634,1
4352,0
6805,0
7903,0
7512,0
3725,0
10312,1
9318,1
10211,1
3423,0
617,1
2733,1
2756,1
4269,0
4975,0
1282,1
4082,0
1836,1
387,1
8496,1
741,1
951,1
4681,0
3047,1
6909,0
3545,0
6895,1
8916,0
5585,0
9405,0
4413,0
389,1
5001,1
1399,1
9815,0
5093,0
8115,1
10043,1
7698,1
10042,0
9952,0
8457,1
6540,0
10347,0
1751,1
76,1
3696,1
8481,1
6682,1
6718,0
7631,0
439,1
7958,0
2223,1
4433,1
8911,0
10463,1
3143,1
3410,0
2585,1
5851,1
179,1
1044,1
1913,1
7536,0
344,1
2984,1
3030,1
7163,1
9130,1
4508,1
4043,0
5004,1
4285,0
449,1
7167,0
8514,1
4762,1
2160,1
796,1
4576,1
4191,1
7272,0
9179,0
676,1
8147,1
1083,1
2154,1
28,1
8848,1
9869,1
2877,1
7461,1
7968,0
6016,1
6122,0
4284,1
8982,1
2578,1
6972,1
2656,1
7058,0
2951,1
8170,1
5399,0
10744,1
4534,0
7226,1
5896,0
8811,0
4591,0
10061,1
1564,1
4410,0
8888,0
4326,1
2471,1
10276,1
8081,1
8647,0
594,1
744,1
10001,0
8260,0
1559,1
8101,0
5603,1
6538,1
10180,0
560,1
50,1
2969,1
1189,1
4192,1
9518,1
10288,0
293,1
3894,1
6897,1
8459,1
5574,1
4733,1
3044,1
10624,1
2190,1
6855,1
1325,1
4816,1
1375,1
3619,0
4836,0
10455,1
998,1
5082,0
8807,0
2034,1
4879,1
1012,1
3246,1
3638,1
6377,1
4530,1
7960,0
2220,1
7303,0
1239,1
2024,1
5243,0
9479,1
2508,1
8690,0
7139,0
5493,0
4548,1
10236,0
5860,1
152,1
1802,1
9173,1
5217,0
4151,0
1691,1
6086,1
1445,1
8503,1
7353,0
3342,0
1316,1
3672,1
865,1
5997,1
2480,1
7871,1
9594,1
10811,0
2391,1
10214,0
500,1
10087,0
6393,0
1011,1
10202,0
1484,1
7421,0
2541,1
367,1
8969,0
5651,0
4253,0
452,1
9490,1
4060,0
4524,1
5504,1
1686,1
6473,1
4316,1
6669,1
2373,1
2470,1
1879,1
2035,1
9572,1
4902,0
6209,1
6087,0
191,1
8437,1
10963,1
4707,0
9984,1
4751,1
8994,0
6358,0
9353,1
1993,1
9944,0
4964,1
7424,1
5275,1
6022,0
1530,1
3102,1
9505,1
6969,0
10304,0
10784,1
221,1
43,1
6062,0
8575,1
5191,0
4860,1
2514,1
2987,1
10587,1
3482,0
3940,0
1119,1
1752,1
5956,0
5797,0
6299,0
1349,1
6973,0
8034,1
9828,1
5164,1
8270,1
9523,0
3510,1
2983,1
5837,1
2690,1
3268,1
5732,1
4898,0
2597,1
3633,0
4275,0
10143,0
3800,1
8754,1
343,1
9224,1
5658,1
4952,0
10770,0
1305,1
5327,1
7497,0
10869,0
5611,0
3115,1
7943,0
10080,0
8513,1
2042,1
4409,0
370,1
8381,0
1520,1
4134,0
9134,0
5113,1
964,1
9954,0
4227,0
2221,1
10298,0
4000,0
8995,1
8568,0
9245,1
10481,1
10571,0
9140,1
4073,1
1381,1
8017,0
1967,1
2437,1
660,1
9609,0
184,1
4112,0
1234,1
6206,1
4195,0
750,1
8302,0
8963,0
7098,1
9722,1
3667,1
5207,1
5530,1
442,1
336,1
1608,1
3832,1
277,1
3765,0
9557,0
3022,1
3428,0
3183,1
5257,1
981,1
6311,0
6208,1
2859,1
1831,1
474,1
10363,0
4802,0
10068,1
7857,1
2702,1
3608,0
6802,0
4519,1
4966,1
3368,0
1573,1
885,1
5290,0
4632,0
10894,0
7269,0
4694,0
8130,1
9542,0
9190,1
1204,1
4900,1
9065,0
2076,1
98,1
1157,1
739,1
642,1
10854,0
1223,1
7213,1
3290,0
8628,0
5994,1
4276,1
6037,0
1539,1
5885,0
8909,0
2403,1
777,1
10833,0
8032,0
8002,1
5806,1
7326,0
3773,1
4079,0
9069,0
5784,1
6109,0
10986,1
9710,0
8263,0
6177,1
2562,1
8422,1
1286,1
9200,1
2655,1
4838,0
10967,0
10790,0
10813,1
5594,0
3525,0
3186,0
9602,1
1214,1
3408,0
7876,1
7196,0
10551,0
9029,0
4647,0
4424,1
2836,1
4682,1
5841,0
3966,1
6671,1
1627,1
7317,1
4011,0
8239,1
7038,0
8417,0
5987,1
1471,1
9207,0
7812,0
4417,0
1425,1
5144,1
3098,1
7696,1
7004,0
6872,1
6081,1
9829,0
10228,0
3254,0
2457,1
2589,1
6288,0
10359,0
5157,0
240,1
2565,1
10420,0
4056,0
9659,0
10736,0
9616,1
5796,1
4355,0
10094,1
9774,0
1132,1
269,1
4001,1
4240,1
1159,1
1129,1
3045,1
4995,1
3998,0
7411,1
1710,1
10761,1
124,1
6623,0
2261,1
1682,1
9156,1
3985,0
6781,0
7472,1
1758,1
3674,0
3000,1
2570,1
1994,1
2200,1
6561,0
582,1
10064,0
4178,1
1918,1
7142,0
7521,0
3009,1
3554,0
2908,1
252,1
10360,1
10274,1
7045,1
1662,1
5853,0
7265,1
5171,1
6496,1
2559,1
4781,1
8086,0
4554,1
9649,0
2674,1
2317,1
9970,0
1003,1
4567,0
4216,1
4804,1
8536,1
6000,1
1070,1
2842,1
8649,1
5939,0
9098,0
8578,0
10329,1
1191,1
7773,0
1508,1
738,1
3694,0
1566,1
9719,1
898,1
9387,0
6616,0
4330,0
120,1
9758,0
122,1
5705,1
6814,0
1236,1
1901,1
3331,0
10418,1
127,1
8409,1
4340,0
8453,1
730,1
7064,1
9802,1
7255,1
9846,0
3756,0
1769,1
1825,1
693,1
3185,1
300,1
7948,1
575,1
10354,0
9835,0
8668,0
4455,1
9177,1
6829,1
1222,1
7091,1
7092,0
9034,1
5967,1
7804,0
5045,0
9604,1
5722,0
5090,0
1667,1
5659,0
6263,1
3166,0
521,1
3935,0
8028,1
3803,1
4042,1
6719,0
8961,1
7207,1
8159,0
1469,1
4883,0
8393,0
10755,0
3043,1
10480,0
1956,1
6759,0
3548,1
3809,0
45,1
9580,1
6226,0
10339,1
4252,1
9351,0
2008,1
10539,1
562,1
766,1
9417,1
10369,0
305,1
494,1
8542,0
8940,1
3995,1
2476,1
4658,1
3741,1
318,1
5543,0
8405,1
7507,1
1417,1
9429,0
9037,0
10598,1
3187,0
1354,1
2255,1
73,1
5300,0
1075,1
6930,1
3055,1
10601,0
2424,1
8090,1
10877,0
7401,0
4395,1
3360,1
2775,1
9268,0
9141,0
10331,1
5219,1
8985,1
10392,0
1881,1
1634,1
7832,1
5059,0
5138,1
9110,1
3154,0
8047,0
4819,1
7751,1
1383,1
10580,0
5537,0
7270,1
4556,0
10703,0
4865,1
984,1
6557,0
8572,0
1298,1
10605,1
9881,0
4922,0
8650,1
6598,0
5642,0
4730,0
4877,0
4310,0
9900,1
866,1
3859,0
3568,1
7157,1
5365,1
9481,0
7383,1
4857,0
7634,1
2026,1
10596,0
7453,1
2423,1
4809,0
271,1
3074,1
4543,0
9467,0
23,1
1660,1
5551,1
7889,0
969,1
4844,1
4853,0
4074,0
4347,0
5483,1
6394,1
2074,1
10088,0
5324,1
882,1
2506,1
9242,1
4491,0
1824,1
2050,1
975,1
7412,1
5629,0
3782,0
6188,1
1841,1
7752,0
3821,0
6310,0
7758,0
2182,1
1026,1
9244,1
7733,0
8205,1
8680,0
5048,0
8092,0
3903,0
6145,1
3675,1
8956,1
8951,0
1450,1
4736,1
9784,0
2963,1
3882,0
9343,0
8365,1
10291,0
8366,1
1674,1
1862,1
8355,1
4646,1
4963,1
6330,1
1927,1
5534,1
4661,1
2300,1
5130,1
9257,0
10717,0
87,1
8165,1
6764,1
3996,1
9218,0
515,1
9903,1
1039,1
3726,0
962,1
8874,0
1687,1
2053,1
391,1
3869,0
6255,0
9981,1
858,1
7044,0
6407,1
1904,1
5736,0
5212,0
4714,0
524,1
3454,1
9669,0
10773,1
2272,1
5981,0
6651,0
3277,1
9765,0
4341,1
7319,0
4179,0
897,1
5165,0
9003,0
2898,1
7324,0
2849,1
8375,0
10023,1
9919,1
10415,1
9312,1
3215,0
3621,1
4313,0
3381,1
4080,0
377,1
8306,1
3387,1
4393,1
1567,1
9291,1
397,1
2957,1
2431,1
2615,1
7153,1
8725,0
5436,1
5193,1
6966,0
4485,0
4415,0
4823,0
7690,1
4163,1
2254,1
10090,0
6468,0
10603,0
3499,0
6414,0
6813,0
10414,1
7581,0
6577,0
1229,1
6462,0
2112,1
249,1
1443,1
695,1
8594,1
8600,0
2406,1
1315,1
5771,0
7069,0
10077,1
7496,0
6066,0
4167,0
2118,1
10095,1
10643,1
7567,1
7241,1
7237,1
8516,0
2510,1
8560,0
2113,1
3397,0
3856,0
2728,1
7002,0
4791,0
77,1
1162,1
10547,1
8280,0
4592,1
4142,1
8243,0
1456,1
7018,0
3827,0
6287,0
7607,1
7986,0
3929,1
5923,0
5426,1
6968,0
2522,1
7193,0
6542,0
5264,1
9411,1
10431,0
1813,1
5669,0
1551,1
8839,0
8870,0
10421,0
8673,0
8325,0
8696,0
2022,1
7154,0
4897,0
10553,0
4081,0
